店铺ID,店铺名,店铺评论页,店铺所在位置,人均消费,评分,美食名称,店铺图片链接,纬度,经度,最低价格
1413877896,琴海海鲜大排档（横琴长隆店）,https://i.meituan.com/poi/1413877896/feedbacks,横琴新区,64.0,4.9,海鲜,http://p0.meituan.net/w.h/biztone/1413877896_1658878344769.jpeg,22.1117,113.5494,18.0
160822730,南华一品海鲜楼（湾仔海鲜街店、会展中心店）,https://i.meituan.com/poi/160822730/feedbacks,湾仔,56.0,4.8,海鲜,http://p1.meituan.net/w.h/biztone/160822730_1638930036938.jpeg,22.1925,113.5311,0.1
1090978819,海盗船海鲜大咖火锅主题餐厅,https://i.meituan.com/poi/1090978819/feedbacks,华发商都,82.0,4.5,海鲜,http://p0.meituan.net/w.h/biztone/1090978819_1652791437048.jpeg,22.2239,113.5074,78.0
1905943296,绿茶餐厅（华发商都店）,https://i.meituan.com/poi/1905943296/feedbacks,华发商都,72.0,4.3,杭帮菜,http://p0.meituan.net/w.h/biztone/1409905286_1672715009197.jpeg,22.2244,113.5097,6.0
1994326457,御鲜阁蚝鸡火锅·蒸汽海鲜餐厅（励骏庞都广场店）,https://i.meituan.com/poi/1994326457/feedbacks,橫琴口岸/澳门通关,72.0,4.8,海鲜,http://p1.meituan.net/w.h/biztone/1994326457_1669180413540.jpeg,22.1381,113.5426,9.9
1503881057,胖哥俩肉蟹煲（华发商都店）,https://i.meituan.com/poi/1503881057/feedbacks,华发商都,82.0,4.7,肉蟹煲,http://p0.meituan.net/w.h/biztone/553272883_1629882838409.jpeg,22.2247,113.5094,95.0
970637687,粤之味海鲜大排档,https://i.meituan.com/poi/970637687/feedbacks,横琴,70.0,4.7,海鲜,http://p0.meituan.net/w.h/biztone/970637687_1646801161773.jpeg,22.1139,113.5494,18.0
1897653017,玥记茶餐厅（十字门店）,https://i.meituan.com/poi/1897653017/feedbacks,湾仔,33.0,4.1,茶餐厅,https://img.meituan.net/w.h/msmerchant/53ebbbb1ee9d136a70a38fe5fba45d9434152.jpg,22.1738,113.5266,33.8
51975526,海底捞火锅（扬名广场店）,https://i.meituan.com/poi/51975526/feedbacks,扬名广场,107.0,4.4,四川火锅,http://p1.meituan.net/w.h/biztone/529214671_1672027046514.jpeg,22.2756,113.5796,95.0
1751207005,渔村渔记火锅大排档（山房路店）,https://i.meituan.com/poi/1751207005/feedbacks,唐家湾/唐家市场,72.0,4.0,粤菜,http://p1.meituan.net/w.h/biztone/1751207005_1648014146100.jpeg,22.3566,113.5965,88.0
1728046427,小榮大勝茶餐厅（横琴步行街店）,https://i.meituan.com/poi/1728046427/feedbacks,横琴,48.0,3.9,茶餐厅,http://p1.meituan.net/w.h/biztone/192519551_1672429485175.jpeg,22.1124,113.5502,0.0
157066422,庄外桃园·农家菜（接霞庄店）,https://i.meituan.com/poi/157066422/feedbacks,御温泉度假区,55.0,4.4,农家菜,http://p0.meituan.net/w.h/biztone/157066422_1658803919862.jpeg,22.2431,113.1914,40.0
1672265880,柴禾雪村新调东北菜（玖洲道店）,https://i.meituan.com/poi/1672265880/feedbacks,拱北,54.0,3.9,东北菜,http://p0.meituan.net/w.h/biztone/1672265880_1660875331668.jpeg,22.2376,113.5419,26.8
2741298,金悦轩海鲜火锅酒家（拱北店）,https://i.meituan.com/poi/2741298/feedbacks,拱北,202.0,4.5,粤菜,http://p1.meituan.net/w.h/biztone/2741298_1671252392303.jpeg,22.225,113.5623,0.0
169172390,金记猪肚鸡·椰子鸡复合型餐厅（华侨宾馆店）,https://i.meituan.com/poi/169172390/feedbacks,拱北,57.0,4.6,猪肚鸡火锅,http://p0.meituan.net/w.h/merchant/a1b5d6fb890b82b7c7f136b22f2826f4315221.jpg,22.2306,113.5521,15.0
1288819695,颓记茶餐厅（横琴店）,https://i.meituan.com/poi/1288819695/feedbacks,横琴,55.0,4.0,茶餐厅,http://p1.meituan.net/w.h/mogu/213ab766335c50cf20fbffa5ddabcc2522589.jpg,22.1148,113.5495,0.0
861200659,叁楼大牌檔（玖洲道店）,https://i.meituan.com/poi/861200659/feedbacks,拱北,82.0,4.6,粤菜,http://p1.meituan.net/w.h/biztone/861200659_1676485859329.jpeg,22.238,113.5416,78.0
1235813,益利大酒楼（井岸店）,https://i.meituan.com/poi/1235813/feedbacks,井岸镇,47.0,4.4,粤菜,http://p1.meituan.net/w.h/biztone/1235813_1663842816829.jpeg,22.1883,113.3163,9.9
614826434,铭鹅轩·海鲜加工,https://i.meituan.com/poi/614826434/feedbacks,扬名广场,69.0,4.9,潮州菜,http://p0.meituan.net/w.h/merchant/3f88c1d2104bee0d02cc4b629942651f488079.jpg,22.2799,113.5779,95.0
1167693488,鹏记茶餐厅（深井店）,https://i.meituan.com/poi/1167693488/feedbacks,横琴新区,32.0,4.3,茶餐厅,http://p0.meituan.net/w.h/merchant/2ab22fe0fdccaaaa760e2054f6375f8913979950.png,22.0926,113.5009,9.9
690445884,大牛火锅（横琴励骏广场店）,https://i.meituan.com/poi/690445884/feedbacks,橫琴口岸/澳门通关,95.0,4.3,潮汕牛肉火锅,http://p0.meituan.net/w.h/biztone/690445884_1670123345241.jpeg,22.138,113.5434,18.0
40461682,长隆企鹅酒店-帝企鹅自助餐厅,https://i.meituan.com/poi/40461682/feedbacks,横琴,229.0,4.0,综合自助,http://p0.meituan.net/w.h/biztone/e09e7c4d419cd537f507105f615f4306175072.jpg,22.1008,113.5388,98.0
152309876,古法明爐（接霞庄店）,https://i.meituan.com/poi/152309876/feedbacks,御温泉度假区,64.0,4.2,农家菜,http://p0.meituan.net/w.h/merchant/461044a052e36fb332204c592cb636171389447.jpg,22.2433,113.1912,88.0
1268793236,蚝大仙（珠海日月贝店）,https://i.meituan.com/poi/1268793236/feedbacks,香洲汽车总站,107.0,3.8,海鲜火锅,http://p1.meituan.net/w.h/biztone/1268793236_1667301040154.jpeg,22.2815,113.5894,19.9
162808862,御味园泥烩鸡农庄,https://i.meituan.com/poi/162808862/feedbacks,御温泉度假区,50.0,3.9,粤菜,http://p0.meituan.net/w.h/biztone/9f2b81464efb4616e91dc3d24889c56f256770.jpg,22.2435,113.1914,40.0
1664154904,京一炭烤肉,https://i.meituan.com/poi/1664154904/feedbacks,香洲汽车总站,69.0,4.9,韩式烤肉,http://p0.meituan.net/w.h/biztone/1664154904_1645424026051.jpeg,22.2872,113.5734,1.28
992331976,小榮大勝茶餐厅（格力海岸店）,https://i.meituan.com/poi/992331976/feedbacks,唐家湾/唐家市场,34.0,4.1,茶餐厅,http://p1.meituan.net/w.h/biztone/192519551_1672429485175.jpeg,22.3491,113.6212,13.0
1238657,金记猪肚鸡·椰子鸡复合型餐厅（珠海华策店）,https://i.meituan.com/poi/1238657/feedbacks,拱北,56.0,4.2,猪肚鸡火锅,http://p0.meituan.net/w.h/merchant/a1b5d6fb890b82b7c7f136b22f2826f4315221.jpg,22.2198,113.5555,15.0
1750679447,懂鹅·亚洲吃饭公司（日月贝店）,https://i.meituan.com/poi/1750679447/feedbacks,情侣中路/市政府,50.0,3.9,茶餐厅,http://p0.meituan.net/w.h/merchant/035dab1c22d3763d16099c36bcbf3563137375.jpg,22.2827,113.5898,12.9
40786293,水禾轩·海鲜蒸汽主题餐厅（新香洲店）,https://i.meituan.com/poi/40786293/feedbacks,新香洲,92.0,4.2,海鲜,https://img.meituan.net/w.h/msmerchant/9cf4910700822c126551a9e474e168cf102680.png,22.2724,113.5363,47.0
158366872,颓记茶餐厅（美景总店）,https://i.meituan.com/poi/158366872/feedbacks,拱北,41.0,4.4,茶餐厅,http://p1.meituan.net/w.h/mogu/213ab766335c50cf20fbffa5ddabcc2522589.jpg,22.2278,113.5616,15.8
1721501219,客语-客家菜（金湾华发店）,https://i.meituan.com/poi/1721501219/feedbacks,三灶镇,65.0,4.4,粤菜,http://p1.meituan.net/w.h/biztone/5173328_1647482007572.jpeg,22.1134,113.3619,46.0
1413877896,琴海海鲜大排档（横琴长隆店）,https://i.meituan.com/poi/1413877896/feedbacks,横琴新区,64.0,4.9,海鲜,http://p0.meituan.net/w.h/biztone/1413877896_1658878344769.jpeg,22.1117,113.5494,18.0
160822730,南华一品海鲜楼（湾仔海鲜街店、会展中心店）,https://i.meituan.com/poi/160822730/feedbacks,湾仔,56.0,4.8,海鲜,http://p1.meituan.net/w.h/biztone/160822730_1638930036938.jpeg,22.1925,113.5311,0.1
1090978819,海盗船海鲜大咖火锅主题餐厅,https://i.meituan.com/poi/1090978819/feedbacks,华发商都,82.0,4.5,海鲜,http://p0.meituan.net/w.h/biztone/1090978819_1652791437048.jpeg,22.2239,113.5074,78.0
1905943296,绿茶餐厅（华发商都店）,https://i.meituan.com/poi/1905943296/feedbacks,华发商都,72.0,4.3,杭帮菜,http://p0.meituan.net/w.h/biztone/1409905286_1672715009197.jpeg,22.2244,113.5097,6.0
1994326457,御鲜阁蚝鸡火锅·蒸汽海鲜餐厅（励骏庞都广场店）,https://i.meituan.com/poi/1994326457/feedbacks,橫琴口岸/澳门通关,72.0,4.8,海鲜,http://p1.meituan.net/w.h/biztone/1994326457_1669180413540.jpeg,22.1381,113.5426,9.9
1503881057,胖哥俩肉蟹煲（华发商都店）,https://i.meituan.com/poi/1503881057/feedbacks,华发商都,82.0,4.7,肉蟹煲,http://p0.meituan.net/w.h/biztone/553272883_1629882838409.jpeg,22.2247,113.5094,95.0
970637687,粤之味海鲜大排档,https://i.meituan.com/poi/970637687/feedbacks,横琴,70.0,4.7,海鲜,http://p0.meituan.net/w.h/biztone/970637687_1646801161773.jpeg,22.1139,113.5494,18.0
1897653017,玥记茶餐厅（十字门店）,https://i.meituan.com/poi/1897653017/feedbacks,湾仔,33.0,4.1,茶餐厅,https://img.meituan.net/w.h/msmerchant/53ebbbb1ee9d136a70a38fe5fba45d9434152.jpg,22.1738,113.5266,33.8
51975526,海底捞火锅（扬名广场店）,https://i.meituan.com/poi/51975526/feedbacks,扬名广场,107.0,4.4,四川火锅,http://p1.meituan.net/w.h/biztone/529214671_1672027046514.jpeg,22.2756,113.5796,95.0
1751207005,渔村渔记火锅大排档（山房路店）,https://i.meituan.com/poi/1751207005/feedbacks,唐家湾/唐家市场,72.0,4.0,粤菜,http://p1.meituan.net/w.h/biztone/1751207005_1648014146100.jpeg,22.3566,113.5965,88.0
1728046427,小榮大勝茶餐厅（横琴步行街店）,https://i.meituan.com/poi/1728046427/feedbacks,横琴,48.0,3.9,茶餐厅,http://p1.meituan.net/w.h/biztone/192519551_1672429485175.jpeg,22.1124,113.5502,0.0
157066422,庄外桃园·农家菜（接霞庄店）,https://i.meituan.com/poi/157066422/feedbacks,御温泉度假区,55.0,4.4,农家菜,http://p0.meituan.net/w.h/biztone/157066422_1658803919862.jpeg,22.2431,113.1914,40.0
1672265880,柴禾雪村新调东北菜（玖洲道店）,https://i.meituan.com/poi/1672265880/feedbacks,拱北,54.0,3.9,东北菜,http://p0.meituan.net/w.h/biztone/1672265880_1660875331668.jpeg,22.2376,113.5419,26.8
2741298,金悦轩海鲜火锅酒家（拱北店）,https://i.meituan.com/poi/2741298/feedbacks,拱北,202.0,4.5,粤菜,http://p1.meituan.net/w.h/biztone/2741298_1671252392303.jpeg,22.225,113.5623,0.0
169172390,金记猪肚鸡·椰子鸡复合型餐厅（华侨宾馆店）,https://i.meituan.com/poi/169172390/feedbacks,拱北,57.0,4.6,猪肚鸡火锅,http://p0.meituan.net/w.h/merchant/a1b5d6fb890b82b7c7f136b22f2826f4315221.jpg,22.2306,113.5521,15.0
1288819695,颓记茶餐厅（横琴店）,https://i.meituan.com/poi/1288819695/feedbacks,横琴,55.0,4.0,茶餐厅,http://p1.meituan.net/w.h/mogu/213ab766335c50cf20fbffa5ddabcc2522589.jpg,22.1148,113.5495,0.0
861200659,叁楼大牌檔（玖洲道店）,https://i.meituan.com/poi/861200659/feedbacks,拱北,82.0,4.6,粤菜,http://p1.meituan.net/w.h/biztone/861200659_1676485859329.jpeg,22.238,113.5416,78.0
1235813,益利大酒楼（井岸店）,https://i.meituan.com/poi/1235813/feedbacks,井岸镇,47.0,4.4,粤菜,http://p1.meituan.net/w.h/biztone/1235813_1663842816829.jpeg,22.1883,113.3163,9.9
614826434,铭鹅轩·海鲜加工,https://i.meituan.com/poi/614826434/feedbacks,扬名广场,69.0,4.9,潮州菜,http://p0.meituan.net/w.h/merchant/3f88c1d2104bee0d02cc4b629942651f488079.jpg,22.2799,113.5779,95.0
1167693488,鹏记茶餐厅（深井店）,https://i.meituan.com/poi/1167693488/feedbacks,横琴新区,32.0,4.3,茶餐厅,http://p0.meituan.net/w.h/merchant/2ab22fe0fdccaaaa760e2054f6375f8913979950.png,22.0926,113.5009,9.9
690445884,大牛火锅（横琴励骏广场店）,https://i.meituan.com/poi/690445884/feedbacks,橫琴口岸/澳门通关,95.0,4.3,潮汕牛肉火锅,http://p0.meituan.net/w.h/biztone/690445884_1670123345241.jpeg,22.138,113.5434,18.0
40461682,长隆企鹅酒店-帝企鹅自助餐厅,https://i.meituan.com/poi/40461682/feedbacks,横琴,229.0,4.0,综合自助,http://p0.meituan.net/w.h/biztone/e09e7c4d419cd537f507105f615f4306175072.jpg,22.1008,113.5388,98.0
152309876,古法明爐（接霞庄店）,https://i.meituan.com/poi/152309876/feedbacks,御温泉度假区,64.0,4.2,农家菜,http://p0.meituan.net/w.h/merchant/461044a052e36fb332204c592cb636171389447.jpg,22.2433,113.1912,88.0
1268793236,蚝大仙（珠海日月贝店）,https://i.meituan.com/poi/1268793236/feedbacks,香洲汽车总站,107.0,3.8,海鲜火锅,http://p1.meituan.net/w.h/biztone/1268793236_1667301040154.jpeg,22.2815,113.5894,19.9
162808862,御味园泥烩鸡农庄,https://i.meituan.com/poi/162808862/feedbacks,御温泉度假区,50.0,3.9,粤菜,http://p0.meituan.net/w.h/biztone/9f2b81464efb4616e91dc3d24889c56f256770.jpg,22.2435,113.1914,40.0
1664154904,京一炭烤肉,https://i.meituan.com/poi/1664154904/feedbacks,香洲汽车总站,69.0,4.9,韩式烤肉,http://p0.meituan.net/w.h/biztone/1664154904_1645424026051.jpeg,22.2872,113.5734,1.28
1238657,金记猪肚鸡·椰子鸡复合型餐厅（珠海华策店）,https://i.meituan.com/poi/1238657/feedbacks,拱北,56.0,4.2,猪肚鸡火锅,http://p0.meituan.net/w.h/merchant/a1b5d6fb890b82b7c7f136b22f2826f4315221.jpg,22.2198,113.5555,15.0
1750679447,懂鹅·亚洲吃饭公司（日月贝店）,https://i.meituan.com/poi/1750679447/feedbacks,情侣中路/市政府,50.0,3.9,茶餐厅,http://p0.meituan.net/w.h/merchant/035dab1c22d3763d16099c36bcbf3563137375.jpg,22.2827,113.5898,12.9
992331976,小榮大勝茶餐厅（格力海岸店）,https://i.meituan.com/poi/992331976/feedbacks,唐家湾/唐家市场,34.0,4.1,茶餐厅,http://p1.meituan.net/w.h/biztone/192519551_1672429485175.jpeg,22.3491,113.6212,13.0
40786293,水禾轩·海鲜蒸汽主题餐厅（新香洲店）,https://i.meituan.com/poi/40786293/feedbacks,新香洲,92.0,4.2,海鲜,https://img.meituan.net/w.h/msmerchant/9cf4910700822c126551a9e474e168cf102680.png,22.2724,113.5363,47.0
158366872,颓记茶餐厅（美景总店）,https://i.meituan.com/poi/158366872/feedbacks,拱北,41.0,4.4,茶餐厅,http://p1.meituan.net/w.h/mogu/213ab766335c50cf20fbffa5ddabcc2522589.jpg,22.2278,113.5616,15.8
1721501219,客语-客家菜（金湾华发店）,https://i.meituan.com/poi/1721501219/feedbacks,三灶镇,65.0,4.4,粤菜,http://p1.meituan.net/w.h/biztone/5173328_1647482007572.jpeg,22.1134,113.3619,46.0
1431704453,小榮大勝茶餐厅（玖洲道第2分店）,https://i.meituan.com/poi/1431704453/feedbacks,拱北,33.0,4.2,茶餐厅,http://p1.meituan.net/w.h/biztone/192519551_1672429485175.jpeg,22.2378,113.5422,13.0
977671448,品稻GUANGE（湖心店）,https://i.meituan.com/poi/977671448/feedbacks,红旗镇,81.0,4.3,融合菜,http://p0.meituan.net/w.h/biztone/977671448_1651834153075.jpeg,22.1521,113.3542,95.0
1126615420,1001西域餐厅（华发商都店）,https://i.meituan.com/poi/1126615420/feedbacks,华发商都,78.0,4.3,新疆菜,http://p0.meituan.net/w.h/biztone/1126615420_1649515851477.jpeg,22.2247,113.5112,4.8
1128005350,渔圣大官人（海韵城店）,https://i.meituan.com/poi/1128005350/feedbacks,扬名广场,85.0,4.8,湘菜,http://p0.meituan.net/w.h/biztone/1128005350_1661914831427.jpeg,22.2817,113.5893,38.0
511756117,小榮大勝茶餐厅（扬名广场店）,https://i.meituan.com/poi/511756117/feedbacks,香洲汽车总站,33.0,4.0,茶餐厅,http://p1.meituan.net/w.h/biztone/192519551_1672429485175.jpeg,22.2755,113.5798,13.0
1803783030,喜庭海鲜自助（珠海环宇城店）,https://i.meituan.com/poi/1803783030/feedbacks,前山,168.0,4.3,海鲜自助,http://p0.meituan.net/w.h/biztone/745845792_1628479893448.jpeg,22.2337,113.5246,98.0
1068832237,冰火两重天·泰式火锅·小炒,https://i.meituan.com/poi/1068832237/feedbacks,吉大,41.0,4.7,泰国菜,http://p0.meituan.net/w.h/biztone/1068832237_1664537858229.jpeg,22.2537,113.5754,30.8
900541485,泰朝 Thai Dynasty,https://i.meituan.com/poi/900541485/feedbacks,橫琴口岸/澳门通关,99.0,4.5,泰国菜,http://p0.meituan.net/w.h/biztone/900541485_1646817406132.jpeg,22.134,113.5279,19.0
690754087,汉阳廷自助烤肉（华发商都店）,https://i.meituan.com/poi/690754087/feedbacks,华发商都,95.0,4.9,综合自助,http://p0.meituan.net/w.h/biztone/925579368_1677052487560.jpeg,22.2245,113.5092,19.9
1770646291,金汤潮猪肚鸡·椰子鸡（茂业百货店）,https://i.meituan.com/poi/1770646291/feedbacks,香洲汽车总站,57.0,4.7,猪肚鸡火锅,http://p0.meituan.net/w.h/merchant/a1b5d6fb890b82b7c7f136b22f2826f4315221.jpg,22.2784,113.5657,15.0
1993854065,燕园（北山店）,https://i.meituan.com/poi/1993854065/feedbacks,南屏,160.0,4.6,私房菜,http://p0.meituan.net/w.h/biztone/1993854065_1626841805368.jpeg,22.2221,113.5131,38.0
835427117,小榮大勝茶餐厅（拱北口岸店）,https://i.meituan.com/poi/835427117/feedbacks,拱北口岸,33.0,4.3,茶餐厅,http://p1.meituan.net/w.h/biztone/192519551_1672429485175.jpeg,22.2164,113.5533,13.0
1330819191,啫火啫啫煲（优特汇店）,https://i.meituan.com/poi/1330819191/feedbacks,香洲汽车总站,80.0,4.2,广州菜,http://p0.meituan.net/w.h/biztone/1330819191_1675302595243.jpeg,22.2782,113.5587,189.0
1238743,蒙肥羊火锅烤肉自助餐厅（香洲店）,https://i.meituan.com/poi/1238743/feedbacks,香洲汽车总站,66.0,3.9,综合自助,http://p0.meituan.net/w.h/merchant/d921aeaadef0607675705cdf1627f7e4520922.jpg,22.2765,113.5785,53.8
1383964260,勇气餐厅,https://i.meituan.com/poi/1383964260/feedbacks,横琴新区,60.0,4.7,茶餐厅,http://p0.meituan.net/w.h/merchant/5e82646bb07a252f422f2b419b3d7c1d82474.jpg,22.1319,113.4702,58.0
114032392,爱尚牛鼎记·潮汕牛肉火锅（金源广场店）,https://i.meituan.com/poi/114032392/feedbacks,横琴,88.0,4.3,潮汕牛肉火锅,http://p0.meituan.net/w.h/biztone/114032392_1670160178197.jpeg,22.1294,113.5426,15.0
1367308053,小岛波尔图（海韵城店）,https://i.meituan.com/poi/1367308053/feedbacks,香洲区,168.0,4.6,海鲜自助,http://p0.meituan.net/w.h/biztone/1367308053_1657957514610.jpeg,22.2819,113.5886,158.0
975396605,懂鹅·亚洲吃饭公司（城市阳台店）,https://i.meituan.com/poi/975396605/feedbacks,吉大,37.0,4.4,茶餐厅,http://p0.meituan.net/w.h/biztone/1236900502_1657342195793.jpeg,22.2633,113.5819,12.9
150344350,蓝波斯菊粤式鲜汤火锅（日月贝店）,https://i.meituan.com/poi/150344350/feedbacks,香洲汽车总站,98.0,4.4,小火锅,http://p0.meituan.net/w.h/biztone/150344350_1659080761182.jpeg,22.2817,113.5893,12.0
1238544,太艮堡毋米粥•粥底火锅•顺德菜（吉大店）,https://i.meituan.com/poi/1238544/feedbacks,吉大,95.0,4.3,顺德菜,http://p0.meituan.net/w.h/biztone/626611_1656248878024.jpeg,22.2415,113.587,45.0
42195458,探鱼·鲜青椒爽麻烤鱼（华发商都店）,https://i.meituan.com/poi/42195458/feedbacks,华发商都,91.0,4.3,烤鱼,http://p1.meituan.net/w.h/biztone/113954656_1677077472761.jpeg,22.2243,113.5095,49.5
165803898,两广海鲜大排档（长隆店）,https://i.meituan.com/poi/165803898/feedbacks,横琴,62.0,4.2,海鲜,http://p0.meituan.net/w.h/biztone/165803898_1668159185895.jpeg,22.1139,113.5492,18.0
184400759,Mr.水濑海鲜自助放题（香洲店）,https://i.meituan.com/poi/184400759/feedbacks,香洲汽车总站,389.0,3.8,海鲜自助,https://img.meituan.net/w.h/msmerchant/b068a4b750881021e10611234303de501349862.jpg,22.2784,113.5652,12.0
997902063,江渔儿酸菜鱼（奥园广场金发购物中心店）,https://i.meituan.com/poi/997902063/feedbacks,新香洲,71.0,4.2,酸菜鱼/水煮鱼,http://p0.meituan.net/w.h/biztone/0848bbcfc4676b63d32d9270db6c1ca8135950.jpg,22.2822,113.5147,79.0
542550978,水田边（玖洲道店）,https://i.meituan.com/poi/542550978/feedbacks,拱北,48.0,4.4,湘菜,http://p0.meituan.net/w.h/biztone/542550978_1623742653848.jpeg,22.2377,113.5422,6.8
1245725722,星旅餐厅,https://i.meituan.com/poi/1245725722/feedbacks,横琴新区,0.0,3.9,综合自助,http://p0.meituan.net/w.h/merchant/2a14706dc13168dfbbf6aabb77b9f91969452.jpg,22.1324,113.4697,48.0
104273752,潮发烤蚝王大排档（横琴长隆总店）,https://i.meituan.com/poi/104273752/feedbacks,横琴,58.0,4.9,海鲜,http://p0.meituan.net/w.h/biztone/104273752_1646918214836.jpeg,22.112,113.5496,18.0
672982729,巴蜀王婆大虾（海天店）,https://i.meituan.com/poi/672982729/feedbacks,香洲汽车总站,64.0,4.9,虾蟹火锅,http://p0.meituan.net/w.h/biztone/672982729_1672471794140.jpeg,22.2952,113.5751,36.9
42133280,共乐驿站•蒸汽火锅•海鲜•农家菜,https://i.meituan.com/poi/42133280/feedbacks,唐家湾/唐家市场,74.0,4.6,海鲜火锅,http://p0.meituan.net/w.h/biztone/42133280_1677049732889.jpeg,22.3593,113.5905,138.0
1972319700,麻辣英雄重庆火锅（玖洲道店）,https://i.meituan.com/poi/1972319700/feedbacks,富华里,100.0,4.1,重庆火锅,http://p0.meituan.net/w.h/biztone/1972319700_1675927481721.jpeg,22.2378,113.5416,15.8
40111100,万悦酒店·万悦轩海鲜酒家（拱北店）,https://i.meituan.com/poi/40111100/feedbacks,拱北口岸,81.0,4.0,粤菜,http://p0.meituan.net/w.h/biztone/40111100_1614082174121.jpeg,22.2184,113.5573,208.0
1199297150,姜虎东白丁烤肉（华发商都店）,https://i.meituan.com/poi/1199297150/feedbacks,华发商都,119.0,3.8,韩式烤肉,http://p0.meituan.net/w.h/biztone/1199297150_1600755007325.jpeg,22.2249,113.5119,48.0
950321098,i点港式餐厅（ICC横琴国际商务中心店）,https://i.meituan.com/poi/950321098/feedbacks,橫琴口岸/澳门通关,39.0,4.5,茶餐厅,http://p0.meituan.net/w.h/biztone/950321098_1648472916665.jpeg,22.1438,113.5447,22.8
86606748,珠海华发喜来登酒店-FEAST全日餐厅,https://i.meituan.com/poi/86606748/feedbacks,湾仔,265.0,4.4,综合自助,http://p1.meituan.net/w.h/biztone/86606748_1621393911332.jpeg,22.1703,113.5256,9.9
1192706176,益兴民间美食,https://i.meituan.com/poi/1192706176/feedbacks,御温泉度假区,56.0,4.6,农家菜,http://p0.meituan.net/w.h/biztone/1192706176_1641385858948.jpeg,22.2315,113.2048,88.0
786434593,荷塘蛙语,https://i.meituan.com/poi/786434593/feedbacks,三灶镇,56.0,4.0,干锅/香锅,http://p0.meituan.net/w.h/biztone/786434593_1670460326822.jpeg,22.0509,113.3474,88.0
40546123,横琴公社餐厅,https://i.meituan.com/poi/40546123/feedbacks,横琴新区,129.0,3.8,粤菜,http://p1.meituan.net/w.h/merchant/89640a807bce1f1ed4b8a57ff9d1b1ea126968.jpg,22.129,113.4884,0.0
651797464,嘟嘟泰国小馆（金湾华发商都店）,https://i.meituan.com/poi/651797464/feedbacks,三灶镇,68.0,3.5,泰国菜,http://p0.meituan.net/w.h/biztone/651797464_1667876979475.jpeg,22.1142,113.3613,45.0
778868868,名家烤肉店（横琴励骏广场店）,https://i.meituan.com/poi/778868868/feedbacks,橫琴口岸/澳门通关,87.0,4.5,韩式烤肉,http://p0.meituan.net/w.h/biztone/778868868_1637310382016.jpeg,22.1375,113.5426,2.88
1979083443,欧巴君炭烤肉（前山店）,https://i.meituan.com/poi/1979083443/feedbacks,前山,77.0,5.0,韩式烤肉,http://p0.meituan.net/w.h/biztone/1979083443_1658069161365.jpeg,22.2446,113.5205,19.9
1239572329,横琴人家  神箭山庄（横琴长隆店）,https://i.meituan.com/poi/1239572329/feedbacks,横琴新区,62.0,4.6,粤菜,http://p0.meituan.net/w.h/biztone/1239572329_1669013545911.jpeg,22.0942,113.5004,18.0
172476987,焱燚香泥炉烤肉（南屏店）,https://i.meituan.com/poi/172476987/feedbacks,南屏,69.0,4.3,融合烤肉,http://p0.meituan.net/w.h/biztone/172476987_1649407365366.jpeg,22.2259,113.5046,68.0
512304449,享悦中餐厅（横琴凯悦酒店）,https://i.meituan.com/poi/512304449/feedbacks,横琴新区,116.0,4.1,粤菜,https://img.meituan.net/w.h/msmerchant/b05c68834df0495c7bf12036cb62bc601538798.jpg,22.1246,113.5176,138.0
1912638789,海利茶餐厅（文德广场店）,https://i.meituan.com/poi/1912638789/feedbacks,海泉湾度假区,49.0,4.3,茶餐厅,https://img.meituan.net/w.h/msmerchant/116229ffc5c1c620c996a9be800406bf94402.jpg,22.0964,113.1764,19.9
881172560,小榮大勝茶餐厅（宝龙广场店）,https://i.meituan.com/poi/881172560/feedbacks,金鼎/珠海北站,30.0,4.1,茶餐厅,http://p1.meituan.net/w.h/biztone/192519551_1672429485175.jpeg,22.3818,113.5506,13.0
1807040148,面东家（珠海金发购物中心店）,https://i.meituan.com/poi/1807040148/feedbacks,新香洲,49.0,4.4,西北菜,http://p0.meituan.net/w.h/biztone/1807040148_1676390260458.jpeg,22.2826,113.5147,6.6
186251592,点都德（拱北店）,https://i.meituan.com/poi/186251592/feedbacks,摩尔广场,79.0,4.4,粤式茶点,http://p0.meituan.net/w.h/biztone/1902108629_1628059929803.jpeg,22.2331,113.5511,95.0
700336647,九野牧人原味烤肉（北山店）,https://i.meituan.com/poi/700336647/feedbacks,南屏,104.0,4.5,融合烤肉,http://p0.meituan.net/w.h/biztone/700336647_1666246602621.jpeg,22.2217,113.5136,10.1
159633014,水禾轩·海鲜蒸汽主题餐厅（夏湾店）,https://i.meituan.com/poi/159633014/feedbacks,夏湾,113.0,4.4,海鲜,https://img.meituan.net/w.h/msmerchant/9cf4910700822c126551a9e474e168cf102680.png,22.2182,113.543,47.0
932233535,朴社炭火烤肉（井岸店）,https://i.meituan.com/poi/932233535/feedbacks,井岸镇,69.0,4.9,韩式烤肉,http://p0.meituan.net/w.h/biztone/932233535_1672223073471.jpeg,22.1997,113.3021,7.9
179100999,小荷居（接霞庄店）,https://i.meituan.com/poi/179100999/feedbacks,御温泉度假区,73.0,4.6,农家菜,http://p0.meituan.net/w.h/merchant/9947073bc6e264e11dba2ae55ce323bf702519.jpg,22.2424,113.1925,80.0
1455881492,珠海湾壹号·盛宴,https://i.meituan.com/poi/1455881492/feedbacks,吉大,103.0,3.8,粤式茶点,http://p0.meituan.net/w.h/biztone/1455881492_1657268851065.jpeg,22.2642,113.5818,13.8
1386290350,品稻GUANGE（唐家店）,https://i.meituan.com/poi/1386290350/feedbacks,唐家湾/唐家市场,88.0,4.5,融合菜,http://p1.meituan.net/w.h/biztone/1386290350_1651834167254.jpeg,22.3639,113.5983,95.0
540654813,得闲打边炉（拱北店）,https://i.meituan.com/poi/540654813/feedbacks,拱北,98.0,4.0,港式火锅,https://img.meituan.net/w.h/msmerchant/013023c7a59b52a619508f5f837e026b383198.jpg,22.2237,113.5494,158.0
1486374533,仙隐小鹿中華の日料（玖洲道店）,https://i.meituan.com/poi/1486374533/feedbacks,拱北,95.0,4.4,日本料理,http://p1.meituan.net/w.h/biztone/1441676250_1666348500925.jpeg,22.2386,113.5419,22.8
1364713685,大三巴茶餐厅（海天公园店）,https://i.meituan.com/poi/1364713685/feedbacks,香洲汽车总站,40.0,3.6,茶餐厅,http://p0.meituan.net/w.h/wmproduct/c77eae7a6c7debca524a6410d139872841281.jpg,22.2947,113.5761,39.0
1324477412,探粤者,https://i.meituan.com/poi/1324477412/feedbacks,金鼎/珠海北站,70.0,4.6,广州菜,http://p0.meituan.net/w.h/biztone/1324477412_1671593672148.jpeg,22.3821,113.551,36.9
1145332857,喜啫啫·冬瓜盅粥水火锅（宝龙城店）,https://i.meituan.com/poi/1145332857/feedbacks,金鼎/珠海北站,86.0,4.6,港式火锅,http://p0.meituan.net/w.h/biztone/1145332857_1668392743072.jpeg,22.3813,113.5513,68.8
80071060,唐家餸,https://i.meituan.com/poi/80071060/feedbacks,唐家湾/唐家市场,47.0,4.0,粤菜,http://p0.meituan.net/w.h/biztone/0ac14cf53245b1ee5e8935f60a8f760e29082.jpg,22.3601,113.5892,47.0
1900595772,渔铺餐厅,https://i.meituan.com/poi/1900595772/feedbacks,吉大,25.0,4.7,茶餐厅,http://p0.meituan.net/w.h/merchant/7cd600203b6e86888f868e313cb178ad227445.jpg,22.2493,113.5795,28.8
40675737,御温泉·大餐庙会,https://i.meituan.com/poi/40675737/feedbacks,御温泉度假区,330.0,4.4,综合自助,http://p0.meituan.net/w.h/ugcpic/a68176ec729e95a34a33e5bbca705f33,22.2478,113.1955,0.0
177392197,炭舍干锅（华发商都店）,https://i.meituan.com/poi/177392197/feedbacks,华发商都,85.0,4.3,干锅/香锅,http://p0.meituan.net/w.h/biztone/193392671_1670293676835.jpeg,22.2256,113.5126,10.01
1703401758,S1997· 甜心西餐（金湾华发商都店）,https://i.meituan.com/poi/1703401758/feedbacks,三灶镇,102.0,4.6,中西餐厅,http://p0.meituan.net/w.h/biztone/1703401758_1633955434518.jpeg,22.1155,113.3608,16.9
1768981117,越小姐•泰先生（玖洲道店）,https://i.meituan.com/poi/1768981117/feedbacks,拱北,82.0,4.0,泰国菜,http://p0.meituan.net/w.h/biztone/1768981117_1648087998030.jpeg,22.2385,113.5419,12.0
1900588524,喜合盛·放肆烤肉（奥园广场店）,https://i.meituan.com/poi/1900588524/feedbacks,新香洲,87.0,4.9,融合烤肉,http://p1.meituan.net/w.h/biztone/1900588524_1676615362787.jpeg,22.283,113.515,18.0
162818200,普宁|潮汕土黄牛火锅（吉大店）,https://i.meituan.com/poi/162818200/feedbacks,吉大,80.0,4.2,潮汕牛肉火锅,http://p0.meituan.net/w.h/biztone/1237456484_1646812365045.jpeg,22.2451,113.5729,26.0
41218579,金成记猪肚鸡（凤凰北店）,https://i.meituan.com/poi/41218579/feedbacks,香洲汽车总站,51.0,4.0,猪肚鸡火锅,http://p1.meituan.net/w.h/mogu/189a47cdee376c85d6e2137dae7ecfdd31752.jpg,22.2873,113.574,78.0
1173888605,江南壹号韩式烤肉（中央汇店）,https://i.meituan.com/poi/1173888605/feedbacks,橫琴口岸/澳门通关,84.0,4.7,韩式烤肉,http://p1.meituan.net/w.h/biztone/1173888605_1666423081866.jpeg,22.1293,113.5438,23.3
94161436,水禾轩·海鲜蒸汽主题餐厅（拱北店）,https://i.meituan.com/poi/94161436/feedbacks,拱北,93.0,4.4,海鲜,https://img.meituan.net/w.h/msmerchant/9cf4910700822c126551a9e474e168cf102680.png,22.2363,113.5506,47.0
1918965492,佛也跳墙•精致粤菜海鲜（海韵城店）,https://i.meituan.com/poi/1918965492/feedbacks,扬名广场,99.0,4.2,粤菜,http://p0.meituan.net/w.h/biztone/1918965492_1669372127632.jpeg,22.2816,113.5889,88.0
1709024850,豪记横琴生蚝鸡火锅（夏湾店）,https://i.meituan.com/poi/1709024850/feedbacks,夏湾,56.0,4.9,特色火锅,http://p0.meituan.net/w.h/biztone/1709024850_1665628944313.jpeg,22.2198,113.5445,88.0
182563042,珠海瑞吉酒店·秀餐厅,https://i.meituan.com/poi/182563042/feedbacks,湾仔,405.0,4.4,综合自助,http://p0.meituan.net/w.h/biztone/182563042_1645525102451.jpeg,22.1716,113.5265,488.0
60620921,炭舍干锅·烤鱼（扬名广场店）,https://i.meituan.com/poi/60620921/feedbacks,扬名广场,81.0,4.3,干锅/香锅,http://p0.meituan.net/w.h/biztone/193392671_1670293676835.jpeg,22.2756,113.5799,10.01
107003837,鸿仔餐厅,https://i.meituan.com/poi/107003837/feedbacks,高栏港,0.0,3.9,粥,http://p1.meituan.net/w.h/xianfu/1ee91c9e16d4ddf98fd83bb8627711d5266427.jpg,22.0036,113.1994,168.0
1396047026,公牛先生.水煎烤肉（金湾华发商都店）,https://i.meituan.com/poi/1396047026/feedbacks,三灶镇,99.0,4.7,韩式烤肉,http://p0.meituan.net/w.h/biztone/1396047026_1650348541066.jpeg,22.1135,113.3611,2.99
1442446705,喜啫啫-冬瓜盅粥水火锅,https://i.meituan.com/poi/1442446705/feedbacks,吉大,80.0,4.8,港式火锅,http://p0.meituan.net/w.h/biztone/1442446705_1655455152416.jpeg,22.2476,113.582,39.9
115745977,兰姐农庄,https://i.meituan.com/poi/115745977/feedbacks,横琴新区,89.0,4.0,农家菜,http://p0.meituan.net/w.h/ugcpic/82f6178e90a0aa4c8401a68efa7eea94,22.1218,113.5242,0.0
1806863910,螺旋律螺蛳粉·鸭脚火锅（金湾华发商都店）,https://i.meituan.com/poi/1806863910/feedbacks,三灶镇,28.0,4.1,广西菜,http://p1.meituan.net/w.h/biztone/639288686_1661407474419.jpeg,22.1132,113.3613,28.8
1695100156,镇海蚝道生蚝主题餐厅（横琴励骏庞都广场店）,https://i.meituan.com/poi/1695100156/feedbacks,橫琴口岸/澳门通关,95.0,4.5,海鲜火锅,http://p0.meituan.net/w.h/biztone/1695100156_1644493340662.jpeg,22.1378,113.5428,108.0
6494254,海底捞火锅（摩尔广场店）,https://i.meituan.com/poi/6494254/feedbacks,摩尔广场,118.0,4.6,四川火锅,http://p1.meituan.net/w.h/biztone/529214671_1672027046514.jpeg,22.233,113.5511,0.0
1454532595,入火韩国烤肉（扬名广场店）,https://i.meituan.com/poi/1454532595/feedbacks,扬名广场,82.0,4.1,韩式烤肉,http://p1.meituan.net/w.h/biztone/1519227694_1658764141436.jpeg,22.2754,113.5799,10.0
1482077551,尚鼎捞辣上火锅,https://i.meituan.com/poi/1482077551/feedbacks,橫琴口岸/澳门通关,59.0,4.6,川味火锅,http://p1.meituan.net/w.h/biztone/1482077551_1652948428714.jpeg,22.1294,113.5426,15.0
184229568,鲜为主（香洲店）,https://i.meituan.com/poi/184229568/feedbacks,香洲汽车总站,66.0,4.6,小火锅,http://p1.meituan.net/w.h/biztone/184229568_1658905673201.jpeg,22.2803,113.5687,15.0
1796190294,三头牛·鲜牛肉火锅厂（迎宾广场店）,https://i.meituan.com/poi/1796190294/feedbacks,拱北,92.0,4.8,潮汕牛肉火锅,http://p1.meituan.net/w.h/biztone/1796190294_1650880803400.jpeg,22.2236,113.5532,23.8
1238666,大天然酒楼（湾仔海鲜街店）,https://i.meituan.com/poi/1238666/feedbacks,湾仔,100.0,4.3,海鲜,http://p0.meituan.net/w.h/biztone/1238666_1669778870346.jpeg,22.192,113.5317,16.0
1818995488,一哥和宴广府顺德菜,https://i.meituan.com/poi/1818995488/feedbacks,三灶镇,112.0,4.1,顺德菜,http://p0.meituan.net/w.h/biztone/1818995488_1658161479486.jpeg,22.1009,113.3788,78.0
1541930736,马路边边串串麻辣烫（扬名广场店）,https://i.meituan.com/poi/1541930736/feedbacks,扬名广场,81.0,4.4,串串香,http://p1.meituan.net/w.h/biztone/1541930736_1676373715930.jpeg,22.2748,113.5802,45.0
1123173544,小无题大排档,https://i.meituan.com/poi/1123173544/feedbacks,情侣中路/市政府,90.0,3.6,顺德菜,http://p0.meituan.net/w.h/biztone/1123173544_1663475749635.jpeg,22.2881,113.5759,92.0
867760958,韩泰院·烤肉万岁（钰海国际一楼店）,https://i.meituan.com/poi/867760958/feedbacks,海泉湾度假区,122.0,4.1,融合烤肉,http://p0.meituan.net/w.h/merchant/1bca3799c5c530240583714f573ea6ec878994.jpg,22.0971,113.175,138.0
163001458,渔记茶餐厅（渔村店）,https://i.meituan.com/poi/163001458/feedbacks,唐家湾/唐家市场,47.0,4.2,茶餐厅,http://p1.meituan.net/w.h/biztone/163001458_1647942886874.jpeg,22.3673,113.5959,9.9
1453866231,乜野捞面·凤姐美食（扬名店）,https://i.meituan.com/poi/1453866231/feedbacks,扬名广场,30.0,4.1,特色菜,http://p0.meituan.net/w.h/biztone/1453866231_1621851022666.jpeg,22.2776,113.5793,3.0
915574064,栖池Beer Coffee Tea（横琴保利国际广场店）,https://i.meituan.com/poi/915574064/feedbacks,橫琴口岸/澳门通关,47.0,4.6,西式简餐,http://p1.meituan.net/w.h/biztone/915574064_1672376243725.jpeg,22.1371,113.5346,68.0
1796971708,吉莲新利苑（优特汇店）,https://i.meituan.com/poi/1796971708/feedbacks,香洲汽车总站,84.0,3.8,粤式茶点,https://img.meituan.net/w.h/msmerchant/213072c6e9c04f154d1d39bf82141a772573041.jpg,22.2782,113.5581,95.0
182549738,珠海瑞吉酒店·宴庭中餐厅,https://i.meituan.com/poi/182549738/feedbacks,湾仔,338.0,4.7,粤菜,http://p1.meituan.net/w.h/biztone/182549738_1645525170817.jpeg,22.1716,113.5266,98.0
591513218,请回答1988·韩国烤肉（金发购物中心店）,https://i.meituan.com/poi/591513218/feedbacks,新香洲,70.0,4.4,韩式烤肉,http://p1.meituan.net/w.h/biztone/591513218_1642405462674.jpeg,22.2827,113.5148,68.0
1834848818,有邻地摊火锅,https://i.meituan.com/poi/1834848818/feedbacks,斗门区,0.0,4.9,火锅,http://p0.meituan.net/w.h/biztone/1834848818_1669347109672.jpeg,22.1635,113.3445,48.0
1237456484,普宁|土黄牛生蚝火锅（励骏庞都广场店）,https://i.meituan.com/poi/1237456484/feedbacks,橫琴口岸/澳门通关,81.0,4.1,潮汕牛肉火锅,http://p0.meituan.net/w.h/biztone/1237456484_1646812365045.jpeg,22.1379,113.5429,26.0
1239484,来魅力酒店海鲜自助餐,https://i.meituan.com/poi/1239484/feedbacks,拱北,0.0,4.2,海鲜自助,http://p0.meituan.net/w.h/biztone/1239484_1675394700684.jpeg,22.2173,113.5519,128.0
42160117,名源海鲜饭店,https://i.meituan.com/poi/42160117/feedbacks,御温泉度假区,170.0,4.1,海鲜,http://p0.meituan.net/w.h/ugcpic/f81446c52912b0d134a12770af83856e,22.2123,113.2024,0.0
41722728,德兴show鲜·蒸汽海鲜火锅餐厅（体育中心店）,https://i.meituan.com/poi/41722728/feedbacks,新香洲,72.0,4.8,海鲜火锅,http://p0.meituan.net/w.h/biztone/41722728_1671519777866.jpeg,22.2722,113.5362,28.8
41150947,九毛九西北菜（富华里店）,https://i.meituan.com/poi/41150947/feedbacks,富华里,65.0,4.1,西北菜,http://p0.meituan.net/w.h/biztone/6161560_1675602943288.jpeg,22.2339,113.5409,10.0
1629959541,十三俏（金湾华发商都店）,https://i.meituan.com/poi/1629959541/feedbacks,三灶镇,68.0,4.3,粤式茶点,http://p1.meituan.net/w.h/biztone/1629959541_1638502053076.jpeg,22.1136,113.3626,85.0
92190209,珠海华发喜来登酒店-采悦轩中餐厅,https://i.meituan.com/poi/92190209/feedbacks,湾仔,182.0,4.5,粤菜,http://p1.meituan.net/w.h/bbia/19e7652c022f794759eed57ee6c27d916755875.jpg,22.1702,113.5259,9.9
1690153763,益健品味轩,https://i.meituan.com/poi/1690153763/feedbacks,金鼎/珠海北站,79.0,3.7,粤式茶点,http://p0.meituan.net/w.h/biztone/1690153763_1675694283280.jpeg,22.3813,113.55,108.0
953546038,大隐酒家·粤菜·天台清吧（海韵城店）,https://i.meituan.com/poi/953546038/feedbacks,情侣中路/市政府,61.0,3.5,粤式茶点,http://p0.meituan.net/w.h/biztone/953546038_1655279566259.jpeg,22.2823,113.5889,298.0
98615634,是旦海鲜餐厅,https://i.meituan.com/poi/98615634/feedbacks,东澳岛,94.0,3.6,海鲜,http://p0.meituan.net/w.h/biztone/77ad3160df3b36960a973715706de30d198108.jpg,22.0185,113.7139,90.0
1292795721,破摊烤肥牛（玖洲道店）,https://i.meituan.com/poi/1292795721/feedbacks,富华里,82.0,4.1,融合烤肉,http://p1.meituan.net/w.h/biztone/1292795721_1669100545967.jpeg,22.238,113.5422,46.5
1850866183,胖哥俩肉蟹煲（富华里店）,https://i.meituan.com/poi/1850866183/feedbacks,富华里,86.0,4.4,肉蟹煲,http://p0.meituan.net/w.h/biztone/553272883_1629882838409.jpeg,22.234,113.5408,95.0
641523974,欧巴君炭烤肉（井岸店）,https://i.meituan.com/poi/641523974/feedbacks,井岸镇,68.0,5.0,韩式烤肉,http://p0.meituan.net/w.h/biztone/641523974_1658069199464.jpeg,22.1987,113.3045,19.9
630690470,有米师傅·明火煲仔饭（玖洲道店）,https://i.meituan.com/poi/630690470/feedbacks,拱北,39.0,3.9,快餐简餐,http://p0.meituan.net/w.h/biztone/630690470_1665194871529.jpeg,22.238,113.5422,17.9
937667966,Loft东南亚轻食•火锅,https://i.meituan.com/poi/937667966/feedbacks,红旗镇,64.0,4.3,泰国菜,http://p1.meituan.net/w.h/merchant/bd6b671e53ff915b8f67590a212b9b46326970.jpg,22.1284,113.3631,40.0
1237908,蒙肥羊火锅烤肉自助餐厅（口岸店）,https://i.meituan.com/poi/1237908/feedbacks,拱北,69.0,4.0,综合自助,http://p0.meituan.net/w.h/merchant/b2acbc680767e62a0abb5d76d68725b2530283.jpg,22.2182,113.5546,53.8
1641890851,星泰马·泰式火锅·炒菜（兰埔店）,https://i.meituan.com/poi/1641890851/feedbacks,富华里,96.0,4.6,泰式火锅,http://p0.meituan.net/w.h/biztone/164550575_1664182455276.jpeg,22.2384,113.5447,12.8
40720925,香港富临皇宫（扬名广场店）,https://i.meituan.com/poi/40720925/feedbacks,香洲汽车总站,57.0,3.7,粤菜,http://p0.meituan.net/w.h/deal/0b59b8309fa75827fdb264e53dd6aab2120531.jpg,22.2751,113.58,98.0
6078246,西贝莜面村（华发商都店）,https://i.meituan.com/poi/6078246/feedbacks,华发商都,83.0,4.7,西北菜,https://img.meituan.net/w.h/msmerchant/8f79c72fc2df9b0a1c72ead4ea8f1f1c11814.png,22.2249,113.5095,34.0
856223383,素缘自助素餐（金发购物中心店）,https://i.meituan.com/poi/856223383/feedbacks,新香洲,37.0,3.6,综合自助,http://p0.meituan.net/w.h/ugcpic/6275efbd9850448c4322f7fdd290de51,22.2829,113.5141,38.0
1927279142,南岗一号（优和汇海天店）,https://i.meituan.com/poi/1927279142/feedbacks,情侣中路/市政府,99.0,4.0,粤菜,http://p0.meituan.net/w.h/biztone/1927279142_1669789303897.jpeg,22.2948,113.5764,88.0
1188075504,亿利来餐厅,https://i.meituan.com/poi/1188075504/feedbacks,横琴新区,73.0,3.7,茶餐厅,http://p0.meituan.net/w.h/biztone/1188075504_1665399500055.jpeg,22.1185,113.5084,17.6
1191636166,叻沙妹（拱北店）,https://i.meituan.com/poi/1191636166/feedbacks,拱北口岸,36.0,4.3,泰国菜,http://p0.meituan.net/w.h/biztone/1817580406_1665718577820.jpeg,22.2191,113.5574,33.0
184601098,宝岛自助美食火锅（斗门大信新都汇店）,https://i.meituan.com/poi/184601098/feedbacks,井岸镇,72.0,4.0,火锅自助,https://img.meituan.net/w.h/msmerchant/5ddcc695b1a1ffccfaed8e0014efbbc6199821.jpg,22.2156,113.2978,68.0
1381682545,蔓悦东南亚主题餐厅,https://i.meituan.com/poi/1381682545/feedbacks,横琴,96.0,4.1,东南亚菜,http://p0.meituan.net/w.h/biztone/1381682545_1667188851526.jpeg,22.1256,113.5407,28.0
1435900989,圣琼美食百汇自助餐厅（金湾华发店）,https://i.meituan.com/poi/1435900989/feedbacks,三灶镇,76.0,4.8,综合自助,http://p1.meituan.net/w.h/biztone/192087352_1660528714041.jpeg,22.1136,113.3612,68.8
1366213870,臻悦食府,https://i.meituan.com/poi/1366213870/feedbacks,吉大,85.0,4.8,私房菜,http://p0.meituan.net/w.h/biztone/1366213870_1675693517271.jpeg,22.2502,113.5715,48.0
179295065,麻辣定制·重庆老火锅·音乐主题餐厅（横琴中央汇店）,https://i.meituan.com/poi/179295065/feedbacks,橫琴口岸/澳门通关,96.0,4.5,重庆火锅,http://p1.meituan.net/w.h/biztone/179295065_1657104086380.jpeg,22.129,113.5437,17.0
1459652383,稣葡,https://i.meituan.com/poi/1459652383/feedbacks,吉大,85.0,3.7,葡萄牙菜,http://p0.meituan.net/w.h/biztone/1459652383_1672716271747.jpeg,22.2637,113.5819,78.0
1751966681,卡朋西餐（优特汇店）,https://i.meituan.com/poi/1751966681/feedbacks,五洲花城,77.0,4.2,西餐,http://p1.meituan.net/w.h/biztone/186454091_1638339585450.jpeg,22.278,113.5593,9.9
167408397,水禾轩·海鲜蒸汽主题餐厅（山场店）,https://i.meituan.com/poi/167408397/feedbacks,五洲花城,87.0,4.3,海鲜,https://img.meituan.net/w.h/msmerchant/9cf4910700822c126551a9e474e168cf102680.png,22.278,113.5569,47.0
1500730476,八锅·臭臭锅（北山大院店）,https://i.meituan.com/poi/1500730476/feedbacks,南屏,61.0,4.0,小火锅,http://p0.meituan.net/w.h/biztone/1500730476_1663925669616.jpeg,22.2217,113.5135,6.88
111199821,长隆企鹅酒店食街,https://i.meituan.com/poi/111199821/feedbacks,横琴,116.0,3.9,茶餐厅,http://p0.meituan.net/w.h/ugcpic/2e7aff34fbdef2b553b01f8d7e76edeb,22.101,113.5388,0.0
193306089,欧巴君炭烤肉（金鼎店）,https://i.meituan.com/poi/193306089/feedbacks,金鼎/珠海北站,67.0,5.0,韩式烤肉,http://p0.meituan.net/w.h/biztone/193306089_1658069218260.jpeg,22.3828,113.5416,19.9
1954926305,入火韩国烤肉（唐家店）,https://i.meituan.com/poi/1954926305/feedbacks,唐家湾/唐家市场,100.0,3.9,韩式烤肉,http://p1.meituan.net/w.h/biztone/1519227694_1658764141436.jpeg,22.3646,113.599,7.77
164550575,星泰马·泰式火锅·炒菜（珠海首店）,https://i.meituan.com/poi/164550575/feedbacks,新香洲,91.0,4.7,泰式火锅,http://p0.meituan.net/w.h/biztone/164550575_1664182455276.jpeg,22.2701,113.5271,12.8
1522168583,渔景湾海鲜餐厅,https://i.meituan.com/poi/1522168583/feedbacks,外伶仃岛,100.0,3.8,海鲜,http://p1.meituan.net/w.h/merchant/0d771fa90527c6e5a1b9b8bdf023d863481101.jpg,22.1,114.029,50.0
623341867,炭佬鸡煲（斗门井岸店）,https://i.meituan.com/poi/623341867/feedbacks,井岸镇,44.0,4.3,砂锅火锅,http://p0.meituan.net/w.h/biztone/623341867_1647249452028.jpeg,22.2138,113.2991,9.0
6702718,中山威尼斯西餐厅（斗门大信新都汇店）,https://i.meituan.com/poi/6702718/feedbacks,井岸镇,68.0,4.5,牛排,http://p0.meituan.net/w.h/biztone/164994847_1670471273252.jpeg,22.216,113.2981,45.0
1932135397,马戏美食小镇,https://i.meituan.com/poi/1932135397/feedbacks,横琴新区,131.0,4.0,综合自助,http://p0.meituan.net/w.h/biztone/a177a1ab7dde5dfd41fc59844a936ec71970668.png,22.0992,113.5425,58.0
1238448,金苑海鲜酒家（来魅力店）,https://i.meituan.com/poi/1238448/feedbacks,拱北,175.0,4.4,粤菜,https://img.meituan.net/w.h/msmerchant/ade126749d187ac9b0a66e8afa952305349849.jpg,22.2173,113.5521,468.0
173355580,颓记茶餐厅（夏湾店）,https://i.meituan.com/poi/173355580/feedbacks,夏湾,31.0,4.2,茶餐厅,https://img.meituan.net/w.h/msmerchant/b97997b02a9de9d41562112e0b11f0c497707.jpg,22.2198,113.5421,15.8
1914048072,海岸露营野餐,https://i.meituan.com/poi/1914048072/feedbacks,唐家湾/唐家市场,0.0,4.9,火锅自助,http://p0.meituan.net/w.h/merchant/17bb7760e3e78e7acfd3155cdaef6ff02543543.jpg,22.3365,113.5915,90.0
1497928379,蛙小侠（金湾华发商都店）,https://i.meituan.com/poi/1497928379/feedbacks,三灶镇,77.0,4.5,湘菜,http://p0.meituan.net/w.h/biztone/1825067666_1672209794248.jpeg,22.1133,113.3616,92.0
1075400290,熟达烤肉（玖洲道店）,https://i.meituan.com/poi/1075400290/feedbacks,拱北,67.0,4.4,韩式烤肉,http://p1.meituan.net/w.h/biztone/1075400290_1654956135145.jpeg,22.2378,113.5419,88.0
1372853410,一品香烤肉（柠溪直营店）,https://i.meituan.com/poi/1372853410/feedbacks,柠溪,58.0,4.9,融合烤肉,http://p0.meituan.net/w.h/biztone/1372853410_1662017860973.jpeg,22.2632,113.554,10.8
177939477,COMMUNE（海韵城店）,https://i.meituan.com/poi/177939477/feedbacks,香洲区,58.0,4.5,西餐,http://p0.meituan.net/w.h/biztone/1905915767_1675653601750.jpeg,22.2826,113.5904,12.9
187686081,中大花海,https://i.meituan.com/poi/187686081/feedbacks,唐家湾/唐家市场,61.0,4.7,中西餐厅,https://img.meituan.net/w.h/msmerchant/2a493fa0a972d80ba4bd8275d722c8c0298998.jpg,22.3513,113.5922,58.0
1977910476,夏语西菜社披萨（斗门大信店）,https://i.meituan.com/poi/1977910476/feedbacks,井岸镇,66.0,4.2,意大利菜,http://p0.meituan.net/w.h/biztone/1977910476_1656914459997.jpeg,22.2152,113.2975,47.5
1052039906,火凤祥鲜货火锅（珠海总店）,https://i.meituan.com/poi/1052039906/feedbacks,富华里,95.0,4.8,重庆火锅,http://p0.meituan.net/w.h/biztone/1052039906_1671608765388.jpeg,22.2345,113.5435,15.8
1876973924,探煲·传统啫啫煲·火锅,https://i.meituan.com/poi/1876973924/feedbacks,香洲汽车总站,74.0,4.3,粤菜,http://p1.meituan.net/w.h/biztone/1876973924_1671522088675.jpeg,22.2747,113.5701,88.0
175256909,珠海凤凰湾悦椿酒店-食集西餐厅,https://i.meituan.com/poi/175256909/feedbacks,唐家湾/唐家市场,362.0,4.2,海鲜自助,http://p0.meituan.net/w.h/biztone/175256909_1651395347383.jpeg,22.3127,113.604,408.0
729702443,老昌春饼（金湾华发商都店）,https://i.meituan.com/poi/729702443/feedbacks,三灶镇,69.0,3.9,东北菜,http://p0.meituan.net/w.h/biztone/729702443_1630114494477.jpeg,22.1133,113.3612,18.0
565348193,蛙小侠（扬名广场店）,https://i.meituan.com/poi/565348193/feedbacks,扬名广场,81.0,4.4,湘菜,http://p0.meituan.net/w.h/biztone/1825067666_1672209794248.jpeg,22.2752,113.5797,92.0
1999225832,第食号现炒黄牛肉（南屏店）,https://i.meituan.com/poi/1999225832/feedbacks,华发商都,50.0,4.6,湘菜,http://p0.meituan.net/w.h/biztone/24a4e4a4fe0d1fd61c6058c70601b242117223.jpg,22.2235,113.5075,10.0
1360403846,老方的爱·鲜牛肉火锅（金湾华发商都店）,https://i.meituan.com/poi/1360403846/feedbacks,三灶镇,82.0,4.6,潮汕牛肉火锅,http://p0.meituan.net/w.h/merchant/62305a8a5399afa5fce4f946720f8120408775.jpg,22.1143,113.3616,45.0
835189631,后厨（扬名广场店）,https://i.meituan.com/poi/835189631/feedbacks,扬名广场,70.0,4.4,粤菜,http://p0.meituan.net/w.h/merchant/a6ad80fa79fec90761f6d7d022ebf05097526.jpg,22.2755,113.5799,12.8
1706682914,青瓦炭·烤肉酒社NewSchool Barbeque·Bistro（富华里商业中心店）,https://i.meituan.com/poi/1706682914/feedbacks,富华里,95.0,4.1,融合烤肉,http://p0.meituan.net/w.h/merchant/fa0daf36cce2433209205586f149f1cf78826.jpg,22.2334,113.5407,15.8
504088554,探越小馆.越泰料理（扬名店）,https://i.meituan.com/poi/504088554/feedbacks,扬名广场,78.0,4.1,越南菜,http://p1.meituan.net/w.h/biztone/504088554_1645367088964.jpeg,22.2755,113.5795,8.0
786960136,海底捞火锅（梅溪商业广场店）,https://i.meituan.com/poi/786960136/feedbacks,新香洲,100.0,4.2,四川火锅,http://p1.meituan.net/w.h/biztone/529214671_1672027046514.jpeg,22.2815,113.513,95.0
1956820059,澳记海鲜餐厅,https://i.meituan.com/poi/1956820059/feedbacks,橫琴口岸/澳门通关,58.0,3.6,海鲜,http://p0.meituan.net/w.h/biztone/089f05e469aa0845c9f6a3657e09b08976345.jpg,22.1369,113.5426,17.6
192489566,鱼三娇.鲜汤鱼锅（华发商都店）,https://i.meituan.com/poi/192489566/feedbacks,华发商都,68.0,4.4,酸菜鱼/水煮鱼,http://p0.meituan.net/w.h/biztone/192489566_1652083565923.jpeg,22.2249,113.5093,36.0
5950660,清迈泰·泰国餐厅（华发商都店）,https://i.meituan.com/poi/5950660/feedbacks,华发商都,95.0,3.8,泰国菜,http://p0.meituan.net/w.h/biztone/5950660_1676548863256.jpeg,22.225,113.5113,46.0
666958874,探鱼·鲜青椒爽麻烤鱼（金湾华发商都第六分店）,https://i.meituan.com/poi/666958874/feedbacks,三灶镇,82.0,3.9,烤鱼,http://p1.meituan.net/w.h/biztone/113954656_1677077472761.jpeg,22.1134,113.3614,49.5
41510668,炭舍干锅·烤鱼（富华里店）,https://i.meituan.com/poi/41510668/feedbacks,富华里,88.0,4.4,干锅/香锅,http://p0.meituan.net/w.h/biztone/193392671_1670293676835.jpeg,22.2348,113.5414,10.01
1136094906,THREE DROPS叁色（富华里店）,https://i.meituan.com/poi/1136094906/feedbacks,富华里,89.0,4.1,西餐,http://p0.meituan.net/w.h/biztone/1136094906_1677030337366.jpeg,22.2352,113.5402,47.5
51866584,哈尔滨烧烤·头牌东北烧烤（夏湾店）,https://i.meituan.com/poi/51866584/feedbacks,夏湾,57.0,4.3,烤串,http://p0.meituan.net/w.h/biztone/51866584_1666622887497.jpeg,22.2203,113.545,39.0
195220044,点都德（华发商都店）,https://i.meituan.com/poi/195220044/feedbacks,华发商都,76.0,4.3,粤式茶点,http://p0.meituan.net/w.h/biztone/1902108629_1628059929803.jpeg,22.226,113.5131,95.0
181431573,仁恒洲际酒店-悦全日餐厅,https://i.meituan.com/poi/181431573/feedbacks,拱北口岸,185.0,3.8,综合自助,http://p0.meituan.net/w.h/biztone/181431573_1676528653155.jpeg,22.2188,113.5586,187.0
1487683587,弘记生蚝鸡煲火锅,https://i.meituan.com/poi/1487683587/feedbacks,横琴,70.0,4.9,砂锅火锅,http://p0.meituan.net/w.h/merchant/ae10b964045541af5184e43c32628ee850464.jpg,22.1122,113.5483,18.0
1615715367,濠轩阁特色生蚝火锅（朝阳路店）,https://i.meituan.com/poi/1615715367/feedbacks,香洲汽车总站,78.0,4.4,海鲜火锅,http://p0.meituan.net/w.h/biztone/1615715367_1652102197132.jpeg,22.278,113.5762,47.5
617885305,牛福爷地摊火锅,https://i.meituan.com/poi/617885305/feedbacks,南屏,85.0,3.6,快餐简餐,http://p1.meituan.net/w.h/biztone/617885305_1670208111859.jpeg,22.2221,113.5126,18.9
1833108494,Coco queen皇后餐厅,https://i.meituan.com/poi/1833108494/feedbacks,金湾区,78.0,4.4,融合菜,http://p0.meituan.net/w.h/biztone/1833108494_1655870604363.jpeg,22.1547,113.35,28.8
1735035446,江渔儿酸菜鱼（金湾华发商都店）,https://i.meituan.com/poi/1735035446/feedbacks,三灶镇,76.0,4.0,酸菜鱼/水煮鱼,http://p0.meituan.net/w.h/biztone/1735035446_1676017909428.jpeg,22.1145,113.3612,7.9
1821699214,玥记茶餐厅（信息港店）,https://i.meituan.com/poi/1821699214/feedbacks,唐家湾/唐家市场,31.0,3.6,茶餐厅,https://img.meituan.net/w.h/msmerchant/53ebbbb1ee9d136a70a38fe5fba45d9434152.jpg,22.3665,113.5545,33.8
182554674,珠海瑞吉酒店·LABREZZA意大利餐厅,https://i.meituan.com/poi/182554674/feedbacks,湾仔,353.0,4.7,意大利菜,http://p0.meituan.net/w.h/biztone/182554674_1652348256768.jpeg,22.1714,113.5265,1288.0
4924639,鱼鼎香烤鱼火锅（华发商都店）,https://i.meituan.com/poi/4924639/feedbacks,华发商都,69.0,4.0,烤鱼,http://p1.meituan.net/w.h/biztone/4924639_1645843615114.jpeg,22.2248,113.5093,95.0
508583912,懂鹅·亚洲吃饭公司（拱北口岸店）,https://i.meituan.com/poi/508583912/feedbacks,拱北,36.0,3.8,茶餐厅,http://p0.meituan.net/w.h/merchant/bf29ca57a7bda36f9a61571a90192f9a116584.jpg,22.2164,113.5539,12.9
1239480,粤海璇宫·木棉花高空旋转餐厅·聚会派对,https://i.meituan.com/poi/1239480/feedbacks,拱北,74.0,4.0,综合自助,http://p0.meituan.net/w.h/merchant/8631966bca1fb64f7a9d43c752d6d037483563.jpg,22.2255,113.5559,68.0
83775836,田园农庄,https://i.meituan.com/poi/83775836/feedbacks,金鼎/珠海北站,65.0,4.5,粤菜,http://p0.meituan.net/w.h/biztone/b9d6133c2ea734338c115f7da03941831439841.jpg,22.3541,113.5164,218.0
179126763,真点心（拱北店）,https://i.meituan.com/poi/179126763/feedbacks,拱北,41.0,4.4,茶餐厅,https://img.meituan.net/w.h/msmerchant/623452e74ac13a676f231cbbb0a27268126110.jpg,22.2169,113.5522,9.0
184438803,大三巴茶餐厅（金鼎店）,https://i.meituan.com/poi/184438803/feedbacks,金鼎/珠海北站,42.0,3.9,茶餐厅,http://p0.meituan.net/w.h/biztone/343b70853d0682ba362c576fd6b909c21660364.jpg,22.3811,113.5455,39.0
906495311,达令脊骨汤 자기야 감자탕（优特汇店）,https://i.meituan.com/poi/906495311/feedbacks,香洲汽车总站,61.0,4.5,韩国菜,http://p0.meituan.net/w.h/biztone/906495311_1676004722439.jpeg,22.2771,113.5597,27.0
40708492,中海铂尔曼酒店·品坊全日制餐厅,https://i.meituan.com/poi/40708492/feedbacks,富华里,174.0,4.1,综合自助,http://p1.meituan.net/w.h/biztone/4cafdda34631f4fbca38a66a88f3434851642.jpg,22.2343,113.5401,98.0
795566594,美满·小锦鲤,https://i.meituan.com/poi/795566594/feedbacks,海泉湾度假区,0.0,3.7,茶餐厅,http://p0.meituan.net/w.h/biztone/795566594_1676253071332.jpeg,22.0964,113.1756,99.0
567396617,太二酸菜鱼（华发商都店）,https://i.meituan.com/poi/567396617/feedbacks,华发商都,86.0,4.5,酸菜鱼/水煮鱼,http://p0.meituan.net/w.h/biztone/830117399_1659061654468.jpeg,22.2256,113.5125,0.0
1476162251,炭舍干锅（金湾华发商都店）,https://i.meituan.com/poi/1476162251/feedbacks,三灶镇,69.0,4.4,干锅/香锅,http://p0.meituan.net/w.h/biztone/193392671_1670293676835.jpeg,22.1133,113.3616,10.01
177424012,老昌春饼（金发购物中心店）,https://i.meituan.com/poi/177424012/feedbacks,新香洲,72.0,4.3,东北菜,http://p0.meituan.net/w.h/biztone/177424012_1628675699657.jpeg,22.2825,113.5149,18.0
162863743,大食岱青年餐厅（嘉珠时代广场店）,https://i.meituan.com/poi/162863743/feedbacks,三灶镇,30.0,4.2,湘菜,http://p0.meituan.net/w.h/merchant/95f3c7bed1fe6b41cd6bde20586d2b64297808.jpg,22.0501,113.3488,45.0
1098754419,玉尚轩·广式早茶·粤菜（米兰百货店）,https://i.meituan.com/poi/1098754419/feedbacks,拱北,48.0,4.3,粤式茶点,http://p0.meituan.net/w.h/biztone/1098754419_1631962443618.jpeg,22.2235,113.5523,88.0
191264478,缓归·岭南融合菜（吉大店）,https://i.meituan.com/poi/191264478/feedbacks,吉大,82.0,4.1,融合菜,http://p1.meituan.net/w.h/biztone/191264478_1638353598434.jpeg,22.2524,113.5813,66.3
943009124,多嘴超级肉蟹煲（ 金湾华发商都店）,https://i.meituan.com/poi/943009124/feedbacks,三灶镇,79.0,4.4,肉蟹煲,http://p1.meituan.net/w.h/biztone/943009124_1653037560672.jpeg,22.1135,113.362,92.0
1899282141,先启半步颠小酒馆（华发商都店）,https://i.meituan.com/poi/1899282141/feedbacks,华发商都,81.0,4.3,川菜,http://p1.meituan.net/w.h/biztone/521878409_1665285653010.jpeg,22.2248,113.5088,15.0
1336933526,巧湘厨（宝龙广场店）,https://i.meituan.com/poi/1336933526/feedbacks,金鼎/珠海北站,58.0,4.1,湘菜,https://img.meituan.net/w.h/msmerchant/acc54296b3f90b5d3dd5326de08ab4da195654.jpg,22.381,113.551,28.0
1522570037,常香聚顺德味道农庄（横琴四塘村店）,https://i.meituan.com/poi/1522570037/feedbacks,横琴新区,65.0,4.8,农家菜,https://img.meituan.net/w.h/msmerchant/e1685a9e2883a57164d4d8c5a5054c06273086.jpg,22.1221,113.5256,8.0
1339517866,乜野捞面·凤姐美食（创想店）,https://i.meituan.com/poi/1339517866/feedbacks,新香洲,43.0,3.8,融合菜,http://p1.meituan.net/w.h/biztone/1339517866_1668705518193.jpeg,22.27,113.5242,3.0
114612864,卡朋西餐（扬名广场店）,https://i.meituan.com/poi/114612864/feedbacks,香洲汽车总站,73.0,4.3,西餐,http://p1.meituan.net/w.h/biztone/186454091_1638339585450.jpeg,22.2752,113.58,9.9
41437479,客语客家菜（华发商都店）,https://i.meituan.com/poi/41437479/feedbacks,华发商都,78.0,4.4,粤菜,http://p1.meituan.net/w.h/biztone/5173328_1647482007572.jpeg,22.2252,113.5096,46.0
726776253,凤凰家宴,https://i.meituan.com/poi/726776253/feedbacks,香洲区,104.0,4.1,特色菜,http://p0.meituan.net/w.h/biztone/726776253_1642120637173.jpeg,22.3059,113.5221,2.0
1879467716,翠微茶楼·粤湘川菜·早茶·夜茶·火锅·烧烤,https://i.meituan.com/poi/1879467716/feedbacks,前山,0.0,3.6,广州菜,http://p0.meituan.net/w.h/merchant/b90ab364cd2c16d02c1fd711bdf2ba6c264683.jpg,22.2567,113.5201,92.0
195895114,安德烈葡挞茶冰厅（奥园广场店）,https://i.meituan.com/poi/195895114/feedbacks,新香洲,30.0,4.5,茶餐厅,http://p0.meituan.net/w.h/biztone/195895114_1649838473542.jpeg,22.282,113.5144,19.8
749359517,丽莎花园西餐厅（富华里店）,https://i.meituan.com/poi/749359517/feedbacks,富华里,126.0,4.6,西餐,http://p0.meituan.net/w.h/biztone/749359517_1669884846879.jpeg,22.2353,113.5412,79.0
194002442,蚝大仙（横琴中央汇店）,https://i.meituan.com/poi/194002442/feedbacks,横琴,99.0,4.2,海鲜火锅,http://p0.meituan.net/w.h/biztone/194002442_1667301063170.jpeg,22.1293,113.5433,19.9
161065362,太二酸菜鱼（富华里店）,https://i.meituan.com/poi/161065362/feedbacks,富华里,91.0,4.3,酸菜鱼/水煮鱼,http://p0.meituan.net/w.h/biztone/830117399_1659061654468.jpeg,22.2341,113.5412,0.0
1749842169,五饼二鱼东北菜（吉大店）,https://i.meituan.com/poi/1749842169/feedbacks,吉大,39.0,4.8,东北菜,http://p0.meituan.net/w.h/merchant/b79fecf7a6188ce5712ec58bcf095f1e151669.jpg,22.249,113.5758,31.0
1917680688,汕上酉牛牛肉自助火锅,https://i.meituan.com/poi/1917680688/feedbacks,红旗镇,79.0,4.3,火锅自助,http://p1.meituan.net/w.h/merchant/0da1caaaec65a1156e51783e041720d01928158.png,22.1298,113.3652,75.0
995671106,韩食戟（华发商都店）,https://i.meituan.com/poi/995671106/feedbacks,华发商都,43.0,4.2,韩国菜,http://p0.meituan.net/w.h/merchant/4e63370a96f19dcf044cc411f847c2a7303250.jpg,22.2238,113.5098,26.8
576511254,海王新粤排档（前山店）,https://i.meituan.com/poi/576511254/feedbacks,前山,92.0,3.9,粤菜,http://p1.meituan.net/w.h/biztone/576511254_1668420137092.jpeg,22.2377,113.5261,1.0
1073452767,愿者上钩（夏湾店）,https://i.meituan.com/poi/1073452767/feedbacks,夏湾,53.0,4.2,烤鱼,http://p0.meituan.net/w.h/bbia/f17e6a54614043ba2c1a956a502796c3210957.jpg,22.2244,113.541,98.0
656053351,荣记海鲜餐厅（横琴长隆2店）,https://i.meituan.com/poi/656053351/feedbacks,横琴新区,44.0,4.6,海鲜,http://p0.meituan.net/w.h/biztone/656053351_1632472881845.jpeg,22.0935,113.5005,1.0
161094688,泰福潮菜茶市•宴会,https://i.meituan.com/poi/161094688/feedbacks,吉大,56.0,4.2,粤菜,http://p0.meituan.net/w.h/biztone/7db37c564e0addb2816d4ee71e346659310079.jpg,22.2476,113.582,19.9
1467602703,客语-客家菜（环宇城店）,https://i.meituan.com/poi/1467602703/feedbacks,夏湾,70.0,4.5,粤菜,http://p1.meituan.net/w.h/biztone/5173328_1647482007572.jpeg,22.2343,113.5243,46.0
1253891208,gaga（富华里店）,https://i.meituan.com/poi/1253891208/feedbacks,富华里,89.0,4.5,西餐,http://p1.meituan.net/w.h/biztone/923144710_1676512635228.jpeg,22.2348,113.5411,26.0
1543293844,箱遇餐厅,https://i.meituan.com/poi/1543293844/feedbacks,珠海金湾机场,0.0,4.4,中西餐厅,http://p0.meituan.net/w.h/merchant/b55029b9144413bc04b0dde4d6284667659825.jpg,22.0169,113.3816,29.9
1476550189,湘柑园湖南土菜,https://i.meituan.com/poi/1476550189/feedbacks,拱北,55.0,4.5,湘菜,http://p0.meituan.net/w.h/biztone/1476550189_1669367840287.jpeg,22.2276,113.5631,9.9
177515053,甲大帅·时尚主题餐厅（山房路店）,https://i.meituan.com/poi/177515053/feedbacks,唐家湾/唐家市场,84.0,4.9,创意菜,http://p1.meituan.net/w.h/merchant/41b1691958f44178523c57037419e164316995.jpg,22.3599,113.5897,318.0
948385123,仙隐小鹿中華の日料（奥园广场店）,https://i.meituan.com/poi/948385123/feedbacks,新香洲,98.0,4.2,日本料理,http://p1.meituan.net/w.h/biztone/1441676250_1666348500925.jpeg,22.2819,113.5129,22.8
529647152,小榮大勝茶餐厅（铭泰广场店）,https://i.meituan.com/poi/529647152/feedbacks,香洲汽车总站,32.0,4.0,茶餐厅,http://p1.meituan.net/w.h/biztone/192519551_1672429485175.jpeg,22.2742,113.5643,13.0
1436186754,滚得囍猪肚鸡·椰子鸡（吉大免税商场店）,https://i.meituan.com/poi/1436186754/feedbacks,吉大,64.0,4.2,猪肚鸡火锅,http://p1.meituan.net/w.h/biztone/1112173494_1651282252428.jpeg,22.2547,113.5801,32.0
1446196312,和利源潮汕牛肉火锅（扬名店）,https://i.meituan.com/poi/1446196312/feedbacks,扬名广场,83.0,4.6,潮汕牛肉火锅,http://p0.meituan.net/w.h/biztone/1446196312_1675928787122.jpeg,22.2757,113.5782,8.0
1529469007,星越·星马泰餐厅（吉大店）,https://i.meituan.com/poi/1529469007/feedbacks,吉大,81.0,4.1,东南亚菜,http://p0.meituan.net/w.h/biztone/1529469007_1646912874319.jpeg,22.254,113.5814,38.0
42065125,澳门木偶葡国餐厅（珠海店）,https://i.meituan.com/poi/42065125/feedbacks,吉大,99.0,4.0,葡萄牙菜,http://p0.meituan.net/w.h/biztone/42065125_1616736508578.jpeg,22.2406,113.5839,15.8
1241431054,汉阳廷自助烤肉（宝龙广场店）,https://i.meituan.com/poi/1241431054/feedbacks,金鼎/珠海北站,86.0,4.9,综合自助,http://p0.meituan.net/w.h/biztone/925579368_1677052487560.jpeg,22.3812,113.5501,19.9
167215701,蛙来哒（金发购物中心店）,https://i.meituan.com/poi/167215701/feedbacks,新香洲,80.0,4.2,湘菜,http://p0.meituan.net/w.h/biztone/1638794898_1675736061757.jpeg,22.2825,113.5148,95.0
194710557,横琴乾元酒店清真餐厅,https://i.meituan.com/poi/194710557/feedbacks,横琴新区,0.0,3.8,民族菜,http://p1.meituan.net/w.h/biztone/194710557_1662049600527.jpeg,22.132,113.51,0.0
1383015732,全希·鲜蚝自助餐厅（华发商都店）,https://i.meituan.com/poi/1383015732/feedbacks,华发商都,155.0,4.3,综合自助,http://p1.meituan.net/w.h/biztone/1383015732_1663760084805.jpeg,22.2244,113.51,89.0
611881973,懂鹅·亚洲吃饭公司（扬名广场店）,https://i.meituan.com/poi/611881973/feedbacks,香洲汽车总站,40.0,4.0,茶餐厅,http://p0.meituan.net/w.h/biztone/1236900502_1657342195793.jpeg,22.2755,113.5796,12.9
1238384,贺富海鲜美食店（白藤头水产批发市场店）,https://i.meituan.com/poi/1238384/feedbacks,红旗镇,76.0,3.5,海鲜,http://p0.meituan.net/w.h/merchant/bf16ff98b4f9dacdcdf716223db79af8293145.jpg,22.1521,113.3672,28.8
